use OrdersDB;

insert into MeasureUnits (Units, FullName)
values  (N'кг', N'Килограмм'),
		(N'шт', N'Штук');

insert into ProductCategory (CategoryName)
values (N'Овощи');

insert into Products (ProductId, CategoryId, ProductName, CaseQuantity, Units, Price, Comment)
values	(69061, 1, N'Салат айсберг', 6, N'шт', 2290, N'БелаяДача'),
		(59110, 1, N'Салат романо', 3, N'шт', 1900, N'БелаяДача'),
		(59103, 1, N'Помидоры', 5, N'кг', 1200, N'БелаяДача'),
		(59104, 1, N'Лук резаный', 5, N'шт', 1100, N'БелаяДача');


insert into Supplier (SupplierName, DirectorName, SupplierLocation)
values (N'БелаяДача', N'МатусевичВИ', N'Московская областьгКотельники проезд Яничкин д.4к.1');

insert into ProductSupplier (ProductId, SupplierId)
values	(69061, 1),
		(59110, 1),
		(59103, 1),
		(59104, 1);

insert into ProductRequired(ProductId, Quantity, FromDate, ToDate)
values
(69061, 30,'2023-01-01', '2023-01-10'),
(69061, 20,'2023-01-10', '2023-01-20'),
(69061, 15,'2023-01-20', '2023-01-31'),
(69061, 15,'2023-02-01', '2023-02-28'),
(69061, 15,'2023-03-01', '2023-03-31'),
(69061, 15,'2023-04-01', '2023-04-30'),
(69061, 15,'2023-05-01', '2023-05-31'),
(69061, 15,'2023-06-01', '2023-06-30'),
(69061, 20,'2023-07-01', '2023-07-31'),
(69061, 15,'2023-08-01', '2023-08-31'),
(69061, 15,'2023-09-01', '2023-09-30'),
(69061, 10,'2023-10-01', '2023-10-31'),
(69061, 10,'2023-11-01', '2023-11-30'),
(69061, 15,'2023-12-01', '2023-12-31'),
(69061, 15,'2024-01-01', '2024-01-10'),
(69061, 15,'2024-01-10', '2024-01-20'),
(69061, 10,'2024-01-20', '2024-01-31'),
(69061, 15,'2024-02-01', '2024-02-28'),
(69061, 15,'2024-03-01', '2024-03-31'),
(69061, 15,'2024-04-01', '2024-04-30'),
(69061, 15,'2024-05-01', '2024-05-31'),
(69061, 15,'2024-06-01', '2024-06-30'),
(69061, 15,'2024-07-01', '2024-07-31'),
(69061, 15,'2024-08-01', '2024-08-31'),
(69061, 15,'2024-09-01', '2024-09-30'),
(69061, 10,'2024-10-01', '2024-10-31'),
(69061, 10,'2024-11-01', '2024-11-30'),
(69061, 15,'2024-12-01', '2024-12-31'),


(59110, 3,'2023-01-01', '2023-01-10'),
(59110, 2,'2023-01-10', '2023-01-20'),
(59110, 2,'2023-01-20', '2023-01-31'),
(59110, 2,'2023-02-01', '2023-02-28'),
(59110, 2,'2023-03-01', '2023-03-31'),
(59110, 2,'2023-04-01', '2023-04-30'),
(59110, 2,'2023-05-01', '2023-05-31'),
(59110, 3,'2023-06-01', '2023-06-30'),
(59110, 2,'2023-07-01', '2023-07-31'),
(59110, 3,'2023-08-01', '2023-08-31'),
(59110, 2,'2023-09-01', '2023-09-30'),
(59110, 2,'2023-10-01', '2023-10-31'),
(59110, 2,'2023-11-01', '2023-11-30'),
(59110, 2,'2023-12-01', '2023-12-31'),
(59110, 2,'2024-01-01', '2024-01-10'),
(59110, 2,'2024-01-10', '2024-01-20'),
(59110, 2,'2024-01-20', '2024-01-31'),
(59110, 2,'2024-02-01', '2024-02-28'),
(59110, 2,'2024-03-01', '2024-03-31'),
(59110, 2,'2024-04-01', '2024-04-30'),
(59110, 2,'2024-05-01', '2024-05-31'),
(59110, 2,'2024-06-01', '2024-06-30'),
(59110, 2,'2024-07-01', '2024-07-31'),
(59110, 2,'2024-08-01', '2024-08-31'),
(59110, 2,'2024-09-01', '2024-09-30'),
(59110, 2,'2024-10-01', '2024-10-31'),
(59110, 2,'2024-11-01', '2024-11-30'),
(59110, 2,'2024-12-01', '2024-12-31'),


(59103, 10,'2023-01-01', '2023-01-10'),
(59103, 8, '2023-01-10', '2023-01-20'),
(59103, 6, '2023-01-20', '2023-01-31'),
(59103, 5, '2023-02-01', '2023-02-28'),
(59103, 5, '2023-03-01', '2023-03-31'),
(59103, 5, '2023-04-01', '2023-04-30'),
(59103, 5, '2023-05-01', '2023-05-31'),
(59103, 8, '2023-06-01', '2023-06-30'),
(59103, 10,'2023-07-01', '2023-07-31'),
(59103, 10,'2023-08-01', '2023-08-31'),
(59103, 10,'2023-09-01', '2023-09-30'),
(59103, 8, '2023-10-01', '2023-10-31'),
(59103, 9, '2023-11-01', '2023-11-30'),
(59103, 10,'2023-12-01', '2023-12-31'),
(59103, 10,'2024-01-01', '2024-01-10'),
(59103, 8, '2024-01-10', '2024-01-20'),
(59103, 6, '2024-01-20', '2024-01-31'),
(59103, 5, '2024-02-01', '2024-02-28'),
(59103, 5, '2024-03-01', '2024-03-31'),
(59103, 5, '2024-04-01', '2024-04-30'),
(59103, 5, '2024-05-01', '2024-05-31'),
(59103, 8, '2024-06-01', '2024-06-30'),
(59103, 10,'2024-07-01', '2024-07-31'),
(59103, 10,'2024-08-01', '2024-08-31'),
(59103, 8, '2024-09-01', '2024-09-30'),
(59103, 8, '2024-10-01', '2024-10-31'),
(59103, 5, '2024-11-01', '2024-11-30'),
(59103, 10,'2024-12-01', '2024-12-31'),

(59104, 7,'2023-01-01', '2023-01-10'),
(59104, 5,'2023-01-10', '2023-01-20'),
(59104, 5,'2023-01-20', '2023-01-31'),
(59104, 5,'2023-02-01', '2023-02-28'),
(59104, 5,'2023-03-01', '2023-03-31'),
(59104, 5,'2023-04-01', '2023-04-30'),
(59104, 5,'2023-05-01', '2023-05-31'),
(59104, 7,'2023-06-01', '2023-06-30'),
(59104, 7,'2023-07-01', '2023-07-31'),
(59104, 7,'2023-08-01', '2023-08-31'),
(59104, 5,'2023-09-01', '2023-09-30'),
(59104, 5,'2023-10-01', '2023-10-31'),
(59104, 5,'2023-11-01', '2023-11-30'),
(59104, 7,'2023-12-01', '2023-12-31'),
(59104, 8,'2024-01-01', '2024-01-10'),
(59104, 8,'2024-01-10', '2024-01-20'),
(59104, 5,'2024-01-20', '2024-01-31'),
(59104, 5,'2024-02-01', '2024-02-28'),
(59104, 5,'2024-03-01', '2024-03-31'),
(59104, 5,'2024-04-01', '2024-04-30'),
(59104, 5,'2024-05-01', '2024-05-31'),
(59104, 6,'2024-06-01', '2024-06-30'),
(59104, 6,'2024-07-01', '2024-07-31'),
(59104, 6,'2024-08-01', '2024-08-31'),
(59104, 5,'2024-09-01', '2024-09-30'),
(59104, 5,'2024-10-01', '2024-10-31'),
(59104, 5,'2024-11-01', '2024-11-30'),
(59104, 7,'2024-12-01', '2024-12-31');

insert into ProductConsumption(ProductId, Quantity, FromDate, ToDate)
values
(69061, 10,'2023-01-01', '2023-01-10'),
(69061, 10,'2023-01-10', '2023-01-20'),
(69061, 3, '2023-01-20', '2023-01-31'),
(69061, 3, '2023-02-01', '2023-02-28'),
(69061, 3, '2023-03-01', '2023-03-31'),
(69061, 3, '2023-04-01', '2023-04-30'),
(69061, 3, '2023-05-01', '2023-05-31'),
(69061, 3, '2023-06-01', '2023-06-30'),
(69061, 3, '2023-07-01', '2023-07-31'),
(69061, 3, '2023-08-01', '2023-08-31'),
(69061, 3, '2023-09-01', '2023-09-30'),
(69061, 3, '2023-10-01', '2023-10-31'),
(69061, 3, '2023-11-01', '2023-11-30'),
(69061, 3, '2023-12-01', '2023-12-31'),
(69061, 3, '2024-01-01', '2024-01-10'),
(69061, 3, '2024-01-10', '2024-01-20'),
(69061, 3, '2024-01-20', '2024-01-31'),
(69061, 3, '2024-02-01', '2024-02-28'),
(69061, 3, '2024-03-01', '2024-03-31'),
(69061, 3, '2024-04-01', '2024-04-30'),
(69061, 3, '2024-05-01', '2024-05-31'),
(69061, 3, '2024-06-01', '2024-06-30'),
(69061, 3, '2024-07-01', '2024-07-31'),
(69061, 3, '2024-08-01', '2024-08-31'),
(69061, 3, '2024-09-01', '2024-09-30'),
(69061, 3, '2024-10-01', '2024-10-31'),
(69061, 3, '2024-11-01', '2024-11-30'),
(69061, 10,'2024-12-01', '2024-12-31'),

(59110, 2,'2023-01-01', '2023-01-10'),
(59110, 1,'2023-01-10', '2023-01-20'),
(59110, 1,'2023-01-20', '2023-01-31'),
(59110, 1,'2023-02-01', '2023-02-28'),
(59110, 1,'2023-03-01', '2023-03-31'),
(59110, 1,'2023-04-01', '2023-04-30'),
(59110, 1,'2023-05-01', '2023-05-31'),
(59110, 1,'2023-06-01', '2023-06-30'),
(59110, 1,'2023-07-01', '2023-07-31'),
(59110, 1,'2023-08-01', '2023-08-31'),
(59110, 1,'2023-09-01', '2023-09-30'),
(59110, 1,'2023-10-01', '2023-10-31'),
(59110, 1,'2023-11-01', '2023-11-30'),
(59110, 1,'2023-12-01', '2023-12-31'),
(59110, 1,'2024-01-01', '2024-01-10'),
(59110, 1,'2024-01-10', '2024-01-20'),
(59110, 1,'2024-01-20', '2024-01-31'),
(59110, 1,'2024-02-01', '2024-02-28'),
(59110, 1,'2024-03-01', '2024-03-31'),
(59110, 1,'2024-04-01', '2024-04-30'),
(59110, 1,'2024-05-01', '2024-05-31'),
(59110, 1,'2024-06-01', '2024-06-30'),
(59110, 1,'2024-07-01', '2024-07-31'),
(59110, 1,'2024-08-01', '2024-08-31'),
(59110, 1,'2024-09-01', '2024-09-30'),
(59110, 1,'2024-10-01', '2024-10-31'),
(59110, 1,'2024-11-01', '2024-11-30'),
(59110, 1,'2024-12-01', '2024-12-31'),


(59103, 5,'2023-01-01', '2023-01-10'),
(59103, 5,'2023-01-10', '2023-01-20'),
(59103, 3,'2023-01-20', '2023-01-31'),
(59103, 3,'2023-02-01', '2023-02-28'),
(59103, 3,'2023-03-01', '2023-03-31'),
(59103, 3,'2023-04-01', '2023-04-30'),
(59103, 3,'2023-05-01', '2023-05-31'),
(59103, 3,'2023-06-01', '2023-06-30'),
(59103, 3,'2023-07-01', '2023-07-31'),
(59103, 3,'2023-08-01', '2023-08-31'),
(59103, 3,'2023-09-01', '2023-09-30'),
(59103, 3,'2023-10-01', '2023-10-31'),
(59103, 3,'2023-11-01', '2023-11-30'),
(59103, 3,'2023-12-01', '2023-12-31'),
(59103, 3,'2024-01-01', '2024-01-10'),
(59103, 3,'2024-01-10', '2024-01-20'),
(59103, 3,'2024-01-20', '2024-01-31'),
(59103, 3,'2024-02-01', '2024-02-28'),
(59103, 3,'2024-03-01', '2024-03-31'),
(59103, 3,'2024-04-01', '2024-04-30'),
(59103, 3,'2024-05-01', '2024-05-31'),
(59103, 3,'2024-06-01', '2024-06-30'),
(59103, 3,'2024-07-01', '2024-07-31'),
(59103, 3,'2024-08-01', '2024-08-31'),
(59103, 3,'2024-09-01', '2024-09-30'),
(59103, 3,'2024-10-01', '2024-10-31'),
(59103, 3,'2024-11-01', '2024-11-30'),
(59103, 3,'2024-12-01', '2024-12-31'),

(59104, 7,'2023-01-01', '2023-01-10'),
(59104, 5,'2023-01-10', '2023-01-20'),
(59104, 5,'2023-01-20', '2023-01-31'),
(59104, 5,'2023-02-01', '2023-02-28'),
(59104, 5,'2023-03-01', '2023-03-31'),
(59104, 5,'2023-04-01', '2023-04-30'),
(59104, 5,'2023-05-01', '2023-05-31'),
(59104, 7,'2023-06-01', '2023-06-30'),
(59104, 7,'2023-07-01', '2023-07-31'),
(59104, 7,'2023-08-01', '2023-08-31'),
(59104, 5,'2023-09-01', '2023-09-30'),
(59104, 5,'2023-10-01', '2023-10-31'),
(59104, 5,'2023-11-01', '2023-11-30'),
(59104, 7,'2023-12-01', '2023-12-31'),
(59104, 8,'2024-01-01', '2024-01-10'),
(59104, 8,'2024-01-10', '2024-01-20'),
(59104, 5,'2024-01-20', '2024-01-31'),
(59104, 5,'2024-02-01', '2024-02-28'),
(59104, 5,'2024-03-01', '2024-03-31'),
(59104, 5,'2024-04-01', '2024-04-30'),
(59104, 5,'2024-05-01', '2024-05-31'),
(59104, 6,'2024-06-01', '2024-06-30'),
(59104, 6,'2024-07-01', '2024-07-31'),
(59104, 6,'2024-08-01', '2024-08-31'),
(59104, 5,'2024-09-01', '2024-09-30'),
(59104, 5,'2024-10-01', '2024-10-31'),
(59104, 5,'2024-11-01', '2024-11-30'),
(59104, 7,'2024-12-01', '2024-12-31');

